userId,movieId,rating
1,1,5.0
1,3114,5.0
1,4886,5.0
1,6377,5.0
1,8961,4.0
1,78499,5.0
2,1,5.0
2,3114,4.0
2,4306,4.0
2,5218,4.0
2,8360,4.0
2,53121,3.0
3,1,4.0
3,4886,5.0
3,6377,5.0
3,50872,5.0
3,68954,5.0
3,78499,5.0
4,1,4.0
4,3114,4.0
4,4306,5.0
4,8360,5.0
4,53121,4.0
4,78637,5.0
5,1,5.0
5,3114,5.0
5,4886,4.0
5,8961,5.0
5,78499,5.0
5,50872,4.0
6,1,4.0
6,4306,4.0
6,5218,5.0
6,44022,5.0
6,8360,4.0
6,53121,4.0
7,1,5.0
7,6377,5.0
7,50872,5.0
7,68954,4.0
7,78499,5.0
7,8961,4.0
8,1,4.0
8,3114,5.0
8,4886,5.0
8,5218,4.0
8,44022,4.0
8,78499,5.0
9,1,4.0
9,4306,5.0
9,5218,5.0
9,8360,4.0
9,78637,5.0
9,68954,4.0
10,1,5.0
10,3114,4.0
10,4886,5.0
10,6377,4.0
10,8961,5.0
10,50872,5.0
10,68954,5.0
10,78499,5.0
